{
  "app": "scripts/benchmark/apps/echo_text.py",
  "timestamp": "20260325_133443",
  "tiers": [
    {
      "tier": 1,
      "requests_per_user": 3,
      "total_requests": 3,
      "elapsed_seconds": 0.04694837494753301,
      "client_summary": {
        "count": 3,
        "success_count": 3,
        "success_rate": 1.0,
        "p50": 6.726708030328155,
        "p90": 7.004241598770022,
        "p95": 7.038933294825256,
        "p99": 7.066686651669443,
        "mean": 6.710611012143393,
        "min": 6.331500015221536,
        "max": 7.073624990880489
      },
      "server_summary": {}
    },
    {
      "tier": 10,
      "requests_per_user": 3,
      "total_requests": 30,
      "elapsed_seconds": 0.10207233298569918,
      "client_summary": {
        "count": 30,
        "success_count": 30,
        "success_rate": 1.0,
        "p50": 20.225333515554667,
        "p90": 24.143932678271085,
        "p95": 24.93382486863993,
        "p99": 25.533613603329286,
        "mean": 20.443066663574427,
        "min": 16.208084067329764,
        "max": 25.706792017444968
      },
      "server_summary": {}
    },
    {
      "tier": 100,
      "requests_per_user": 3,
      "total_requests": 300,
      "elapsed_seconds": 0.9043130000354722,
      "client_summary": {
        "count": 300,
        "success_count": 300,
        "success_rate": 1.0,
        "p50": 225.9622080018744,
        "p90": 274.1600625333376,
        "p95": 279.17225770652294,
        "p99": 284.56689491518773,
        "mean": 214.51499818086936,
        "min": 101.98945796582848,
        "max": 286.3084169803187
      },
      "server_summary": {}
    }
  ]
}