{
  "app": "scripts/benchmark/apps/streaming_chat.py",
  "timestamp": "20260325_131849",
  "tiers": [
    {
      "tier": 1,
      "requests_per_user": 3,
      "total_requests": 3,
      "elapsed_seconds": 0.04437224997673184,
      "client_summary": {
        "count": 3,
        "success_count": 3,
        "success_rate": 1.0,
        "p50": 5.742207984440029,
        "p90": 5.925875133834779,
        "p95": 5.948833527509123,
        "p99": 5.967200242448598,
        "mean": 5.7143609737977386,
        "min": 5.42908301576972,
        "max": 5.971791921183467
      },
      "server_summary": {}
    },
    {
      "tier": 10,
      "requests_per_user": 3,
      "total_requests": 30,
      "elapsed_seconds": 0.10115595802199095,
      "client_summary": {
        "count": 30,
        "success_count": 30,
        "success_rate": 1.0,
        "p50": 19.359771045856178,
        "p90": 23.5604340210557,
        "p95": 24.167364672757685,
        "p99": 24.682662507984787,
        "mean": 19.26121119176969,
        "min": 14.432416995987296,
        "max": 24.87670909613371
      },
      "server_summary": {}
    },
    {
      "tier": 100,
      "requests_per_user": 3,
      "total_requests": 300,
      "elapsed_seconds": 0.9303457089699805,
      "client_summary": {
        "count": 300,
        "success_count": 300,
        "success_rate": 1.0,
        "p50": 232.76622901903465,
        "p90": 284.81913747964427,
        "p95": 298.09735562303104,
        "p99": 308.039668983547,
        "mean": 224.8566077859141,
        "min": 104.56020897254348,
        "max": 311.8022909620777
      },
      "server_summary": {}
    }
  ]
}