{
  "app": "scripts/benchmark/apps/streaming_chat.py",
  "timestamp": "20260325_131825",
  "tiers": [
    {
      "tier": 1,
      "requests_per_user": 3,
      "total_requests": 3,
      "elapsed_seconds": 0.04206958401482552,
      "client_summary": {
        "count": 3,
        "success_count": 3,
        "success_rate": 1.0,
        "p50": 5.188209004700184,
        "p90": 5.662675388157368,
        "p95": 5.721983686089516,
        "p99": 5.769430324435234,
        "mean": 5.304361344315112,
        "min": 4.943583044223487,
        "max": 5.781291984021664
      },
      "server_summary": {}
    },
    {
      "tier": 10,
      "requests_per_user": 3,
      "total_requests": 30,
      "elapsed_seconds": 0.09691920795012265,
      "client_summary": {
        "count": 30,
        "success_count": 30,
        "success_rate": 1.0,
        "p50": 18.275165930390358,
        "p90": 22.367028484586626,
        "p95": 22.797449707286432,
        "p99": 23.66938090068288,
        "mean": 18.514316618287314,
        "min": 13.65145796444267,
        "max": 24.0053340094164
      },
      "server_summary": {}
    },
    {
      "tier": 100,
      "requests_per_user": 3,
      "total_requests": 300,
      "elapsed_seconds": 0.9084244170226157,
      "client_summary": {
        "count": 300,
        "success_count": 300,
        "success_rate": 1.0,
        "p50": 227.66952100209892,
        "p90": 273.53510366519913,
        "p95": 281.0758979350794,
        "p99": 287.8204068541527,
        "mean": 217.90989055337073,
        "min": 96.59137495327741,
        "max": 292.92395804077387
      },
      "server_summary": {}
    }
  ]
}