{
  "app": "scripts/benchmark/apps/file_heavy.py",
  "timestamp": "20260325_133511",
  "tiers": [
    {
      "tier": 1,
      "requests_per_user": 3,
      "total_requests": 3,
      "elapsed_seconds": 0.04755487502552569,
      "client_summary": {
        "count": 3,
        "success_count": 3,
        "success_rate": 1.0,
        "p50": 7.00391607824713,
        "p90": 7.198316813446581,
        "p95": 7.222616905346513,
        "p99": 7.242056978866458,
        "mean": 6.880875017183523,
        "min": 6.391791976056993,
        "max": 7.246916997246444
      },
      "server_summary": {}
    },
    {
      "tier": 10,
      "requests_per_user": 3,
      "total_requests": 30,
      "elapsed_seconds": 0.10969379101879895,
      "client_summary": {
        "count": 30,
        "success_count": 30,
        "success_rate": 1.0,
        "p50": 22.214708500541747,
        "p90": 26.618216652423143,
        "p95": 27.35497757093981,
        "p99": 28.181033236905932,
        "mean": 22.63293752912432,
        "min": 17.799749970436096,
        "max": 28.50220794789493
      },
      "server_summary": {}
    },
    {
      "tier": 100,
      "requests_per_user": 3,
      "total_requests": 300,
      "elapsed_seconds": 0.9160648749675602,
      "client_summary": {
        "count": 300,
        "success_count": 300,
        "success_rate": 1.0,
        "p50": 227.45485400082543,
        "p90": 274.2039250093512,
        "p95": 280.2030770224519,
        "p99": 287.112485592952,
        "mean": 218.1746579008177,
        "min": 104.73424999509007,
        "max": 289.1437920043245
      },
      "server_summary": {}
    }
  ]
}