{
  "app": "scripts/benchmark/apps/stateful_counter.py",
  "timestamp": "20260325_131823",
  "tiers": [
    {
      "tier": 1,
      "requests_per_user": 3,
      "total_requests": 3,
      "elapsed_seconds": 0.041859042015857995,
      "client_summary": {
        "count": 3,
        "success_count": 3,
        "success_rate": 1.0,
        "p50": 4.96054207906127,
        "p90": 5.154408421367407,
        "p95": 5.178641714155674,
        "p99": 5.198028348386288,
        "mean": 4.915014025755227,
        "min": 4.581624991260469,
        "max": 5.202875006943941
      },
      "server_summary": {}
    },
    {
      "tier": 10,
      "requests_per_user": 3,
      "total_requests": 30,
      "elapsed_seconds": 0.09926199994515628,
      "client_summary": {
        "count": 30,
        "success_count": 30,
        "success_rate": 1.0,
        "p50": 19.00220848619938,
        "p90": 22.42938269628212,
        "p95": 22.879468579776585,
        "p99": 23.39519977918826,
        "mean": 18.971023557242006,
        "min": 13.488458003848791,
        "max": 23.584291920997202
      },
      "server_summary": {}
    },
    {
      "tier": 100,
      "requests_per_user": 3,
      "total_requests": 300,
      "elapsed_seconds": 0.9003041250398383,
      "client_summary": {
        "count": 300,
        "success_count": 300,
        "success_rate": 1.0,
        "p50": 223.77310454612598,
        "p90": 271.9646368524991,
        "p95": 282.7128795091994,
        "p99": 295.5195911449846,
        "mean": 214.49704763673557,
        "min": 95.2642080374062,
        "max": 303.47637506201863
      },
      "server_summary": {}
    }
  ]
}