{
  "app": "scripts/benchmark/apps/file_heavy.py",
  "timestamp": "20260325_131822",
  "tiers": [
    {
      "tier": 1,
      "requests_per_user": 3,
      "total_requests": 3,
      "elapsed_seconds": 0.041588208987377584,
      "client_summary": {
        "count": 3,
        "success_count": 3,
        "success_rate": 1.0,
        "p50": 4.889833042398095,
        "p90": 5.344133777543902,
        "p95": 5.400921369437128,
        "p99": 5.446351442951709,
        "mean": 5.00786133731405,
        "min": 4.676042008213699,
        "max": 5.457708961330354
      },
      "server_summary": {}
    },
    {
      "tier": 10,
      "requests_per_user": 3,
      "total_requests": 30,
      "elapsed_seconds": 0.09948770795017481,
      "client_summary": {
        "count": 30,
        "success_count": 30,
        "success_rate": 1.0,
        "p50": 18.736166472081095,
        "p90": 22.945816698484123,
        "p95": 23.71676269103773,
        "p99": 23.937552550341934,
        "mean": 18.905231927055866,
        "min": 14.395999955013394,
        "max": 23.948500049300492
      },
      "server_summary": {}
    },
    {
      "tier": 100,
      "requests_per_user": 3,
      "total_requests": 300,
      "elapsed_seconds": 0.8898541670059785,
      "client_summary": {
        "count": 300,
        "success_count": 300,
        "success_rate": 1.0,
        "p50": 221.11716703511775,
        "p90": 269.3821912747808,
        "p95": 274.7490976122208,
        "p99": 284.4202692399267,
        "mean": 210.99432459566742,
        "min": 95.79199994914234,
        "max": 287.22541604656726
      },
      "server_summary": {}
    }
  ]
}