{
  "app": "scripts/benchmark/apps/echo_text.py",
  "timestamp": "20260325_131845",
  "tiers": [
    {
      "tier": 1,
      "requests_per_user": 3,
      "total_requests": 3,
      "elapsed_seconds": 0.042053582961671054,
      "client_summary": {
        "count": 3,
        "success_count": 3,
        "success_rate": 1.0,
        "p50": 5.120208021253347,
        "p90": 5.4096415638923645,
        "p95": 5.445820756722242,
        "p99": 5.474764110986143,
        "mean": 5.084846983663738,
        "min": 4.652332980185747,
        "max": 5.481999949552119
      },
      "server_summary": {}
    },
    {
      "tier": 10,
      "requests_per_user": 3,
      "total_requests": 30,
      "elapsed_seconds": 0.10010250005871058,
      "client_summary": {
        "count": 30,
        "success_count": 30,
        "success_rate": 1.0,
        "p50": 18.858395575080067,
        "p90": 23.33915903000161,
        "p95": 23.855179589008912,
        "p99": 24.36501821037382,
        "mean": 19.421738921664655,
        "min": 14.317165943793952,
        "max": 24.49954196345061
      },
      "server_summary": {}
    },
    {
      "tier": 100,
      "requests_per_user": 3,
      "total_requests": 300,
      "elapsed_seconds": 0.9388515000464395,
      "client_summary": {
        "count": 300,
        "success_count": 300,
        "success_rate": 1.0,
        "p50": 229.10047945333645,
        "p90": 292.722283070907,
        "p95": 311.5584767481778,
        "p99": 324.89327979041263,
        "mean": 223.90493761360025,
        "min": 97.79112495016307,
        "max": 330.1553330384195
      },
      "server_summary": {}
    }
  ]
}