{
  "app": "scripts/benchmark/apps/file_heavy.py",
  "timestamp": "20260325_133444",
  "tiers": [
    {
      "tier": 1,
      "requests_per_user": 3,
      "total_requests": 3,
      "elapsed_seconds": 0.047324375016614795,
      "client_summary": {
        "count": 3,
        "success_count": 3,
        "success_rate": 1.0,
        "p50": 6.62387500051409,
        "p90": 7.526108552701771,
        "p95": 7.638887746725231,
        "p99": 7.7291111019439995,
        "mean": 6.94900033219407,
        "min": 6.471459055319428,
        "max": 7.751666940748692
      },
      "server_summary": {}
    },
    {
      "tier": 10,
      "requests_per_user": 3,
      "total_requests": 30,
      "elapsed_seconds": 0.10258087492547929,
      "client_summary": {
        "count": 30,
        "success_count": 30,
        "success_rate": 1.0,
        "p50": 20.437333500012755,
        "p90": 24.307204107753932,
        "p95": 24.66316699865274,
        "p99": 25.640350020257756,
        "mean": 20.637356940036018,
        "min": 15.580166946165264,
        "max": 25.93241597060114
      },
      "server_summary": {}
    },
    {
      "tier": 100,
      "requests_per_user": 3,
      "total_requests": 300,
      "elapsed_seconds": 1.0752259580185637,
      "client_summary": {
        "count": 300,
        "success_count": 300,
        "success_rate": 1.0,
        "p50": 264.91649996023625,
        "p90": 343.1032454478557,
        "p95": 382.94671530020423,
        "p99": 396.6709002084099,
        "mean": 260.8324043025884,
        "min": 114.46079099550843,
        "max": 401.16429200861603
      },
      "server_summary": {}
    }
  ]
}