{
  "app": "scripts/benchmark/apps/echo_text.py",
  "timestamp": "20260325_133402",
  "tiers": [
    {
      "tier": 1,
      "requests_per_user": 3,
      "total_requests": 3,
      "elapsed_seconds": 0.05146579199936241,
      "client_summary": {
        "count": 3,
        "success_count": 3,
        "success_rate": 1.0,
        "p50": 6.836167071014643,
        "p90": 8.221833407878876,
        "p95": 8.395041699986905,
        "p99": 8.533608333673328,
        "mean": 7.264125354898472,
        "min": 6.387959001585841,
        "max": 8.568249992094934
      },
      "server_summary": {}
    },
    {
      "tier": 10,
      "requests_per_user": 3,
      "total_requests": 30,
      "elapsed_seconds": 0.10118941694963723,
      "client_summary": {
        "count": 30,
        "success_count": 30,
        "success_rate": 1.0,
        "p50": 19.325333938468248,
        "p90": 23.50810837233439,
        "p95": 24.160002212738615,
        "p99": 24.855334276799113,
        "mean": 19.944754196330905,
        "min": 15.098666888661683,
        "max": 24.928958038799465
      },
      "server_summary": {}
    },
    {
      "tier": 100,
      "requests_per_user": 3,
      "total_requests": 300,
      "elapsed_seconds": 0.9568155419547111,
      "client_summary": {
        "count": 300,
        "success_count": 300,
        "success_rate": 1.0,
        "p50": 237.66097892075777,
        "p90": 317.03675377648324,
        "p95": 335.239462449681,
        "p99": 346.052260446595,
        "mean": 231.59394124755636,
        "min": 97.8194159688428,
        "max": 349.0733749931678
      },
      "server_summary": {}
    }
  ]
}