{
  "app": "scripts/benchmark/apps/stateful_counter.py",
  "timestamp": "20260325_133512",
  "tiers": [
    {
      "tier": 1,
      "requests_per_user": 3,
      "total_requests": 3,
      "elapsed_seconds": 0.04914054204709828,
      "client_summary": {
        "count": 3,
        "success_count": 3,
        "success_rate": 1.0,
        "p50": 7.282624952495098,
        "p90": 7.534024957567453,
        "p95": 7.565449958201498,
        "p99": 7.590589958708733,
        "mean": 7.1855693046624465,
        "min": 6.677208002656698,
        "max": 7.596874958835542
      },
      "server_summary": {}
    },
    {
      "tier": 10,
      "requests_per_user": 3,
      "total_requests": 30,
      "elapsed_seconds": 0.10858483298216015,
      "client_summary": {
        "count": 30,
        "success_count": 30,
        "success_rate": 1.0,
        "p50": 22.020479023922235,
        "p90": 26.2091044918634,
        "p95": 26.495502039324492,
        "p99": 28.045314149931073,
        "mean": 21.932199931082625,
        "min": 16.39770797919482,
        "max": 28.60687510110438
      },
      "server_summary": {}
    },
    {
      "tier": 100,
      "requests_per_user": 3,
      "total_requests": 300,
      "elapsed_seconds": 0.9851812499109656,
      "client_summary": {
        "count": 300,
        "success_count": 300,
        "success_rate": 1.0,
        "p50": 248.58104204759002,
        "p90": 312.4223082442768,
        "p95": 330.00491430284455,
        "p99": 342.04818706260994,
        "mean": 241.62826556363143,
        "min": 108.88791596516967,
        "max": 345.5846250290051
      },
      "server_summary": {}
    }
  ]
}