{
  "app": "scripts/benchmark/apps/echo_text.py",
  "timestamp": "20260325_133509",
  "tiers": [
    {
      "tier": 1,
      "requests_per_user": 3,
      "total_requests": 3,
      "elapsed_seconds": 0.048128875088877976,
      "client_summary": {
        "count": 3,
        "success_count": 3,
        "success_rate": 1.0,
        "p50": 7.545500062406063,
        "p90": 7.616266328841448,
        "p95": 7.625112112145871,
        "p99": 7.632188738789409,
        "mean": 7.148444303311408,
        "min": 6.265874952077866,
        "max": 7.633957895450294
      },
      "server_summary": {}
    },
    {
      "tier": 10,
      "requests_per_user": 3,
      "total_requests": 30,
      "elapsed_seconds": 0.10436741693411022,
      "client_summary": {
        "count": 30,
        "success_count": 30,
        "success_rate": 1.0,
        "p50": 21.431041997857392,
        "p90": 24.736629519611597,
        "p95": 25.95543949282728,
        "p99": 26.813949036877602,
        "mean": 20.9640458614255,
        "min": 15.128124970942736,
        "max": 27.076374972239137
      },
      "server_summary": {}
    },
    {
      "tier": 100,
      "requests_per_user": 3,
      "total_requests": 300,
      "elapsed_seconds": 0.9795244999695569,
      "client_summary": {
        "count": 300,
        "success_count": 300,
        "success_rate": 1.0,
        "p50": 242.8396875038743,
        "p90": 334.97888366691774,
        "p95": 349.0477433777414,
        "p99": 359.9037280026823,
        "mean": 240.21140541881323,
        "min": 103.91358297783881,
        "max": 366.89633305650204
      },
      "server_summary": {}
    }
  ]
}