{
  "app": "scripts/benchmark/apps/stateful_counter.py",
  "timestamp": "20260325_131848",
  "tiers": [
    {
      "tier": 1,
      "requests_per_user": 3,
      "total_requests": 3,
      "elapsed_seconds": 0.04340358404442668,
      "client_summary": {
        "count": 3,
        "success_count": 3,
        "success_rate": 1.0,
        "p50": 5.647416925057769,
        "p90": 5.815883399918675,
        "p95": 5.836941709276289,
        "p99": 5.853788356762379,
        "mean": 5.6052359674746794,
        "min": 5.310290958732367,
        "max": 5.858000018633902
      },
      "server_summary": {}
    },
    {
      "tier": 10,
      "requests_per_user": 3,
      "total_requests": 30,
      "elapsed_seconds": 0.11724683293141425,
      "client_summary": {
        "count": 30,
        "success_count": 30,
        "success_rate": 1.0,
        "p50": 22.489146038424224,
        "p90": 36.098053911700845,
        "p95": 37.01190449646674,
        "p99": 38.25685001560487,
        "mean": 24.56255410021792,
        "min": 15.25454199872911,
        "max": 38.5779159842059
      },
      "server_summary": {}
    },
    {
      "tier": 100,
      "requests_per_user": 3,
      "total_requests": 300,
      "elapsed_seconds": 0.889884041971527,
      "client_summary": {
        "count": 300,
        "success_count": 300,
        "success_rate": 1.0,
        "p50": 221.0373540292494,
        "p90": 267.30942494468763,
        "p95": 274.51102090999484,
        "p99": 283.6768444022164,
        "mean": 211.78590458274508,
        "min": 99.74170802161098,
        "max": 287.52441704273224
      },
      "server_summary": {}
    }
  ]
}