{
  "app": "scripts/benchmark/apps/streaming_chat.py",
  "timestamp": "20260325_133407",
  "tiers": [
    {
      "tier": 1,
      "requests_per_user": 3,
      "total_requests": 3,
      "elapsed_seconds": 0.054460749961435795,
      "client_summary": {
        "count": 3,
        "success_count": 3,
        "success_rate": 1.0,
        "p50": 7.40879203658551,
        "p90": 10.99625842180103,
        "p95": 11.44469171995297,
        "p99": 11.803438358474523,
        "mean": 8.639722325218221,
        "min": 6.617249920964241,
        "max": 11.89312501810491
      },
      "server_summary": {}
    },
    {
      "tier": 10,
      "requests_per_user": 3,
      "total_requests": 30,
      "elapsed_seconds": 0.11120979092083871,
      "client_summary": {
        "count": 30,
        "success_count": 30,
        "success_rate": 1.0,
        "p50": 22.417416505049914,
        "p90": 26.937395450659096,
        "p95": 27.131762413773686,
        "p99": 28.63280119607225,
        "mean": 22.59042077154542,
        "min": 17.63104205019772,
        "max": 29.226249898783863
      },
      "server_summary": {}
    },
    {
      "tier": 100,
      "requests_per_user": 3,
      "total_requests": 300,
      "elapsed_seconds": 1.011194874998182,
      "client_summary": {
        "count": 300,
        "success_count": 300,
        "success_rate": 1.0,
        "p50": 253.59220849350095,
        "p90": 320.03868371248245,
        "p95": 331.63076044875197,
        "p99": 345.38211929029785,
        "mean": 247.1730365049249,
        "min": 104.63095793966204,
        "max": 349.3659580126405
      },
      "server_summary": {}
    }
  ]
}